{
  "formatVersion": 1,
  "database": {
    "version": 1,
    "identityHash": "2d332b537491b0178a2a7c82d79a2243",
    "entities": [
      {
        "tableName": "favorite_movies",
        "createSql": "CREATE TABLE IF NOT EXISTS `${TABLE_NAME}` (`id` INTEGER, `title` TEXT, `released` TEXT, `overview` TEXT, `language` TEXT, `poster` TEXT, `rating` REAL NOT NULL, `backdrop` TEXT, PRIMARY KEY(`id`))",
        "fields": [
          {
            "fieldPath": "id",
            "columnName": "id",
            "affinity": "INTEGER",
            "notNull": false
          },
          {
            "fieldPath": "title",
            "columnName": "title",
            "affinity": "TEXT",
            "notNull": false
          },
          {
            "fieldPath": "released",
            "columnName": "released",
            "affinity": "TEXT",
            "notNull": false
          },
          {
            "fieldPath": "overview",
            "columnName": "overview",
            "affinity": "TEXT",
            "notNull": false
          },
          {
            "fieldPath": "language",
            "columnName": "language",
            "affinity": "TEXT",
            "notNull": false
          },
          {
            "fieldPath": "poster",
            "columnName": "poster",
            "affinity": "TEXT",
            "notNull": false
          },
          {
            "fieldPath": "rating",
            "columnName": "rating",
            "affinity": "REAL",
            "notNull": true
          },
          {
            "fieldPath": "backdrop",
            "columnName": "backdrop",
            "affinity": "TEXT",
            "notNull": false
          }
        ],
        "primaryKey": {
          "columnNames": [
            "id"
          ],
          "autoGenerate": false
        },
        "indices": [],
        "foreignKeys": []
      },
      {
        "tableName": "favorite_tv_show",
        "createSql": "CREATE TABLE IF NOT EXISTS `${TABLE_NAME}` (`id` INTEGER, `title` TEXT, `released` TEXT, `overview` TEXT, `language` TEXT, `poster` TEXT, `rating` REAL NOT NULL, `backdrop` TEXT, PRIMARY KEY(`id`))",
        "fields": [
          {
            "fieldPath": "id",
            "columnName": "id",
            "affinity": "INTEGER",
            "notNull": false
          },
          {
            "fieldPath": "title",
            "columnName": "title",
            "affinity": "TEXT",
            "notNull": false
          },
          {
            "fieldPath": "released",
            "columnName": "released",
            "affinity": "TEXT",
            "notNull": false
          },
          {
            "fieldPath": "overview",
            "columnName": "overview",
            "affinity": "TEXT",
            "notNull": false
          },
          {
            "fieldPath": "language",
            "columnName": "language",
            "affinity": "TEXT",
            "notNull": false
          },
          {
            "fieldPath": "poster",
            "columnName": "poster",
            "affinity": "TEXT",
            "notNull": false
          },
          {
            "fieldPath": "rating",
            "columnName": "rating",
            "affinity": "REAL",
            "notNull": true
          },
          {
            "fieldPath": "backdrop",
            "columnName": "backdrop",
            "affinity": "TEXT",
            "notNull": false
          }
        ],
        "primaryKey": {
          "columnNames": [
            "id"
          ],
          "autoGenerate": false
        },
        "indices": [],
        "foreignKeys": []
      }
    ],
    "views": [],
    "setupQueries": [
      "CREATE TABLE IF NOT EXISTS room_master_table (id INTEGER PRIMARY KEY,identity_hash TEXT)",
      "INSERT OR REPLACE INTO room_master_table (id,identity_hash) VALUES(42, \"2d332b537491b0178a2a7c82d79a2243\")"
    ]
  }
}